Temperature,Pressure,Vibration,RPM,Humidity,PowerConsumption,SoundLevel,OilLevel,LoadWeight
58.62187240676015,5.081152691260376,1.4426738614202406,2114.4607890929037,43.941286226178484,582.5186975411185,87.01004295911463,66.37411093467462,37.501894608434725
58.60946300372844,4.9158421436698525,1.9669083611598701,2410.437216225788,45.145434999609066,577.9240455538029,94.79563930598081,59.70840540797236,50.31564995208562
58.64990240949035,4.956479117684241,1.9190253272181041,2317.1266740569686,43.796851784680854,574.5336118627265,99.18310907495643,59.82579967908531,43.81574430668243
64.31462674142763,5.1959611690969645,1.9179293984004249,2285.903364638327,43.4685875571814,631.6912015513285,95.17549874245267,64.02746352576386,45.743903068782814
55.741256867790526,4.835378878473216,2.159938006220411,2249.6470525822215,50.00432717410025,565.2938756760049,98.05979162908478,57.04402320318607,45.679896850805584
60.61463123865158,5.075869665960145,2.1822732551980186,2473.3722635350787,58.611349869952186,613.6823547131079,101.98221689147346,42.145123003818924,51.30150104292603
58.16418622240622,4.9076592109973,2.3088055467231188,2643.254887443389,33.14040491838597,594.1006567475538,108.45479870384798,68.92640364488433,57.80315132692512
63.670945128974516,5.346456244497018,1.9538972940542685,2368.67421130996,42.180585754315885,645.7998204458086,89.77004179400568,72.24765903402788,48.55422036404761
56.47391122460009,4.70228272108069,2.0560095942873207,2552.315524157966,50.101714916235764,551.9369901995527,99.44480317335015,47.344717403412446,58.00419239986349
55.10554596156698,4.742212319734715,2.0539183334049214,2374.783126247535,48.65709496727349,553.8064083726728,102.5729400243917,55.03574556693413,50.19303241997132
58.93471846846958,5.041276758682599,1.9841208149954073,2297.462897529901,55.29836981690228,586.8310587856395,101.56770365854938,55.97648239587118,48.27690945339198
60.30279960408221,5.000475645048573,1.9437801221793878,2325.3799377624905,47.958881620734715,611.7011464619769,96.17900584194932,58.99641312316902,48.96362407273188
54.863123045862416,4.599158845922124,1.9602125495599068,2348.9248070128538,47.08141147143221,541.9397932195559,103.36180879012801,62.3792834018973,48.12184070953579
56.35117474900814,4.785393223582073,1.881996237259742,2285.8933376371433,47.58036449435132,547.6583386084336,94.04854999914957,54.8447006134656,47.39962021774431
53.39876451523625,4.83011755220285,2.0986130198038566,2400.915795466279,38.48019083537953,540.2750792401266,103.6570548218139,69.04472909944069,48.14833160756877
57.13791346405144,4.51322543438162,2.0367699600828986,2369.679768208789,49.01898250950362,537.55526820116,105.5033354532031,57.25440805974849,48.80908339883614
56.784006437726646,4.860752442248005,1.8177482976001256,2175.393602054871,36.86537501446428,585.0739917568484,95.40543178403793,68.5792682147558,43.157135578944825
62.71394468704076,5.151529741962037,2.2003039248066303,2469.222683715696,42.80297003417978,627.533683117936,105.77318777612906,67.15183435238964,53.698501050882946
63.12838795478021,5.0853272578135185,2.259350755984994,2637.813296056576,48.87145838643985,622.1918639407855,104.05141226177068,61.53866421766876,59.74413790600088
55.297650616919235,4.839983967093879,2.2167868154828723,2588.373907000064,42.091934039214,539.5430692792626,107.77903018491347,64.17856608341107,57.82613320384238
56.54302231847372,5.006530185650636,3.015572484182797,2589.9123390028453,34.32955795677093,590.8653448403877,107.64343995109991,64.39759285707581,55.74258926729427
64.72260662954828,5.532606055585953,1.9401716837256209,2499.2250284449788,50.80941206513142,660.3744865444464,95.30860703474055,51.959814149702396,56.04232789235881
69.39738752705789,5.555724814758362,1.9167310836458804,2489.6623822075708,48.863157470229886,688.7507174600502,94.55552429946383,57.02786423473958,54.8514814752172
50.92324154426092,4.713814713973624,2.0772751236728677,2498.9688579863187,45.91561897639568,298.8141730240771,103.44177223470558,56.27155897913215,54.02542927893878
57.75424274802614,4.906822495384819,2.247489932870572,2508.165765078648,36.394842644590895,572.929214406274,104.54875874876731,64.79601391213191,54.99210651642023
54.67224081684409,4.701609455596012,2.047686613762088,2479.6717097682385,45.16732611347629,537.5228434983787,100.75870097112508,57.953011453183386,54.3005462417636
58.949712312197946,4.913716402032346,1.969786362273243,2520.298859369698,51.24553374540916,597.3401954099762,96.77379302140974,57.18022551100994,54.441309206195626
59.050694770336946,5.016165257540732,1.8584080709239552,2312.8318076866326,40.95889647594935,578.6760926462699,97.40469116848756,63.426034321530004,46.41059391120481
51.49102623623983,4.398423179282441,2.016013887427165,2466.5654767948363,54.77602652509327,507.3801778773662,97.22408527487046,52.435469913245434,51.49521712134642
60.01936398410355,5.006477081903408,2.15922373792741,2497.9866530289723,45.81939115565448,595.5667165798765,106.10409452907211,58.54254353645063,54.96118984456243
62.05381808237538,4.898793743261534,1.7469664603244053,2243.9308244957965,50.893607313600576,596.6637645203546,90.55812787325058,54.76297265384589,45.336006717182684
55.961296079656194,4.563248366798014,2.2815360872571655,2517.073828120301,43.990026718393366,541.8512115591307,104.46825852747746,59.770515294595945,52.57265712030341
54.610708186555044,4.505167248575601,2.3571993726233065,2608.1809074015214,45.69023220414605,549.0771257420606,110.19211524398976,60.33774775918484,56.56417928383146
55.3937519058658,4.784113726093367,2.116640968445119,2604.5548408184477,49.2567266337881,556.1470901895505,102.2872933747383,53.70897926942866,57.89032295437016
62.16446264396328,5.26503286660429,2.088640825154956,2508.250890907846,79.43738584770095,608.8931760774223,106.56877118007372,52.56818709531028,54.02372159851934
59.31937973331469,4.870790438152692,2.0419444918800043,2463.787620679539,49.4799631851185,580.4337885552225,102.7673205262646,63.14444827150335,51.88288810969251
58.86660653562076,4.909539169027687,1.8862891396541142,2362.8690533906038,53.21358947176519,591.3077312218717,90.73898350384138,55.26833801626945,50.28760077515931
59.72265580533345,4.973564433179931,1.9507243014389954,2032.5090215983116,53.8213056692555,603.7645877009209,94.79439562794235,53.783018915121964,53.961118799630015
54.05885829828485,4.8707422495892345,1.9484514438730858,2497.5953088828273,49.965447110337614,546.0153597691083,95.39016435501016,52.89217931253085,56.5785050475428
53.9395337719217,4.61749090357279,1.9672744357057739,2370.9168609677463,37.88682233516292,555.2000789872064,98.85910565446574,69.12773216906852,50.86339592040307
48.46226634014569,4.459507592476396,1.7021567595315434,2227.0805918894252,44.18501885401313,679.9087317414493,94.65732824429622,56.644456487949654,44.78252069729538
60.06950733176308,4.814780752950632,1.9127678481426797,2341.7841309174146,42.54244481224919,595.7583917668666,97.064499475801,61.833917932866704,48.60700908920649
57.058809377934416,4.659455505556817,2.2247658280827975,2457.510304262073,45.60803974320436,579.603215987065,107.24652569080236,60.77168723044441,49.00512444429652
63.28100579458438,5.2447034504441845,2.0216777415980016,2475.6933832193627,44.083812922249756,643.6348548988494,99.29862258283785,65.95831904568902,51.80644425333924
58.9983266936454,4.897193102381989,1.7964814959709587,2221.3116613856355,45.27767474931536,596.1235208785743,97.23634599207179,59.12692837544036,42.8291702016299
53.95449932013899,4.745095201027766,2.0089285536185626,2306.8581442699497,39.25557816321277,555.8067254038552,102.29101337642264,63.91381499490935,47.148666441148464
60.55356317957391,5.044306526455113,2.0771239789388165,2508.9201104009153,41.64244009298202,600.135616742387,101.32591432280684,59.96189498689726,54.73179450316257
61.26109830750042,4.886522234557113,2.2365750999568976,2475.17140644796,38.30213649760981,608.4073554902632,106.78557382920589,61.15611914830012,52.53254069780185
65.09540893972532,5.22623260770362,2.0412735331331344,2481.351271881901,42.64208781775623,660.7937807546,104.22579538761264,66.73634423899233,53.94273394979168
63.72269699788012,5.074614355722208,2.2559508302181306,2460.634611689851,41.28498564039676,631.7093928499451,105.68352628687207,64.81586446075572,52.412828024153775
58.78097109702688,5.006554438650898,1.7727115405029519,2297.1439851689647,40.472240164879295,591.9934994381091,89.85270469309049,58.00051002652229,47.37300996708713
65.83883279258254,5.276066127167437,1.9061041619829393,2304.252979163922,48.8468262726972,652.7917777210993,98.29797144516283,53.68234625849109,46.24803701396596
66.69369743035637,5.393179033194281,1.740230725605371,2204.2539520227897,45.194884455498595,658.3709698484715,97.08676109732389,59.44026443245885,41.85253279005189
64.62361003308739,5.228900034663781,2.086538669410803,2335.6144472393316,47.946654606175755,633.9271068662273,103.83591746240667,61.18306949133529,47.66171181126358
67.66928665190702,5.283830200318617,2.040364623589558,2253.2206838965058,45.74324949866795,662.9695043508053,103.15914336568656,56.375019499784415,46.65361423360952
63.91807349248752,5.166938280713079,2.090130870521113,2324.548168667645,45.319304199987236,641.1546406730703,102.47965720761391,66.73622761180283,50.72715650394171
62.50104849175379,5.056266415675332,1.835249349182909,2336.9736515616596,44.17049394959358,614.4345422451141,101.81443513093532,60.765654331211294,47.98909502559349
61.34781341298338,5.064642635156615,2.126321436437178,2415.772608526265,46.83151035464028,618.2736617070555,99.74834634422493,60.65395123442938,50.80713344099781
52.711146382674734,4.633040245554619,1.9809169494268204,2407.922447458719,41.53262122452779,527.6703994491108,99.86692757423987,64.87337555160319,51.06979403169152
61.60211807549449,4.914463022411024,1.8864030911780425,2363.7781639957275,49.47925413573614,600.5005524887071,95.26661737431692,64.37197088873934,49.67143326368917
59.861745416550654,4.772928943991265,2.0424918464974993,2374.7141330467975,40.381727668328594,577.1783559014872,98.53497534803859,63.274693658182116,50.98687434183004
66.45446343022049,5.3083085907333105,2.2319243359734102,2538.7332234334813,54.15802194657686,656.8440335695713,103.93775495028316,52.551778441829086,55.90647062832302
65.9522604568004,5.20079195180721,1.9468729335078112,2432.0084391972505,50.01381746756209,660.3218575749645,101.85121607867544,60.76804238603437,49.99724566916341
67.07664237904766,5.395604635116191,2.2045455351897996,2407.4257767620775,38.906560851550275,675.6065701276405,105.12627101953032,57.98912186742227,50.63210193913897
55.52051131069474,5.003981370412766,2.030247825382523,2452.2943603915583,49.13271644286545,540.902983393039,102.43882481743856,63.82526381827734,52.379742245286195
60.51092455546757,5.025259754067407,2.2137681255739303,2583.2065261463995,49.148632211425934,615.1254075021741,103.89637418589855,57.67128218907608,56.9117894907838
67.6839884799609,5.434677067899702,1.6992992498105084,2255.8349985972527,42.88076903543163,681.7032620445755,95.82099159662417,59.209160748157444,43.137967301750905
55.218787397479424,4.717140375870179,1.9590809684829114,2498.8554600127623,43.504373402667234,550.1387270244701,103.03042575656696,63.77600340821249,55.90838019337651
61.88879229775098,5.144777615850773,2.2247166162670187,2546.559065008668,34.07321763913567,619.418372641471,104.22410949569029,70.93118348329753,54.925300255872465
57.37053733514854,4.750501563218469,2.074208183060258,2533.342838510889,43.45990455200517,572.7402308983441,101.62298632759757,63.93387542900847,57.26315329872207
61.19773226392743,4.703292218168772,2.2949586840217733,2437.9454178211263,46.55769464150996,609.4110934288752,109.4211882342015,49.582216875606946,53.85015638530301
61.768775015648266,4.959501574263273,1.7228889643617447,2288.9969245554094,37.141022213849084,608.3328338457238,94.23858519423183,69.78491312992621,44.51630326345092
48.77136996712585,4.3879121807084704,1.872309938575629,2286.3515261780312,51.17927638730324,478.3125444441097,98.04174266656075,53.10875048152031,43.999455440671156
60.79520202259209,5.17925417169852,1.5669439947730168,2238.649938874558,40.13557255568781,619.0801335748147,92.1432357164042,65.76224725100248,42.420173941949756
60.93762181327123,5.356189058693599,1.9071554864404194,2352.2845255964785,46.369673011835154,328.38372798880334,98.44780234457195,61.10880529761238,47.237261558947914
54.03112679691914,4.53617297814214,1.6080122037254874,2315.947265050894,55.36055203000545,552.1558200131607,94.83466529541519,51.563486183893055,44.99211681543469
59.227403249448884,4.989784165837922,1.818271100615875,2314.022105682543,34.96143597484736,579.8431309336174,96.5518410884261,65.97294273342851,45.1980800815047
55.437443479244585,4.680462566265055,2.074360725455299,2447.1219204348686,39.969651877890264,552.4365484738207,98.04143936711975,63.25989008269461,50.01780795841178
46.78240205262091,4.479526267774798,2.056845241509403,2448.2737572646874,33.08373269228647,464.88085961538843,96.43406636989695,61.40893417030175,50.323821785926135
51.29426822419662,5.249664727097859,2.1959900772861776,2485.760701957829,36.83104536514371,510.23577495259184,99.99445297840792,63.89723537604278,53.20732520837729
56.59284193996074,4.683139431717312,2.0515709756571896,2389.5701463401238,47.64957642536978,578.9589180689039,105.4566442087002,58.86415334096538,50.39776656676913
57.24922776270283,4.765401423247021,2.02624992190872,2275.880470238637,49.13450972101608,573.356449818222,102.12572864356537,54.55803235150283,49.36629398426335
61.0336257638482,5.102354564349236,1.8801201082718313,2337.2619656158895,40.92401182721281,597.2311743352077,102.23213257045671,60.11411022851605,47.77621978155269
66.17753863290295,5.120536337776802,2.3880334030847594,2536.797486927333,42.506132118863626,647.3336990410565,108.60629954376151,63.31823389887245,55.31188392382391
69.25100125393952,5.326791330161339,2.0158548902842153,2303.3267730857615,37.80407784810402,687.7378497168974,96.32307360595172,62.10076188808062,46.094939187449825
62.508375397529186,4.959296252935105,2.046037530858367,2308.234584698412,43.22596646801812,608.2896747643066,98.2357834084309,65.02332517421999,45.21398404888195
53.20784161260601,4.6239459262128335,2.1114657856091013,2610.915186821423,42.76495703743848,538.2983709114543,99.7429558747237,56.679665563065704,58.76393271457645
64.80180353803122,5.396774319357124,2.2236432947326707,2568.5958537779766,42.55588595196814,652.0774407082847,105.04053451328483,62.732161342860564,56.812916979690904
62.58455769715151,5.208013241309333,1.8947137550173152,2303.6257556092396,50.36760498302958,632.6641616324637,97.2457533192201,54.08763888793023,46.16748162930025
65.27646098871469,5.259864041025048,1.7643332200325101,2332.552481937453,50.22134100853817,642.5870843076308,93.8257757052875,61.35459945443584,48.23270905155455
58.82660461910419,4.96103123594178,2.046796555403918,2396.472959101875,46.39818142630142,595.8127936270961,103.12857431829642,52.8824909665961,207.99243303611877
55.56534873941115,4.730971607596304,1.9693462065060592,2451.4906307465226,40.576560973425934,542.572801416274,96.56515342958133,58.13753737555601,51.58571898988181
58.930253318921736,4.711616392274639,2.002869096149653,2342.618994636292,42.0364595356163,572.1573590292634,98.98049687685324,65.66559171580688,48.96902658561298
65.97942969133167,5.206956074613401,1.8096182166892412,2275.4305768571135,34.84354820441164,654.5692452669025,94.86494563243825,67.77669854838764,44.12458174946356
62.82382645465635,5.088619227538623,2.212125560086709,2434.03538769009,44.109404455228486,627.6779200280862,96.7483729936696,56.973352816417844,51.966952260745515
61.136914640044395,5.1381859743520355,1.915471974690419,2394.110226931123,42.83054840612379,618.9159226018778,102.58538971753978,56.84683326795339,48.0168499275071
67.00679367071038,5.4568331882053425,2.437652980299834,2602.2855827045905,54.25177040367506,663.1111040941497,111.04116601789127,51.960092714369935,59.93194432442596
57.42507180540831,4.867457745166583,2.0993954426759305,2370.4357905534544,53.65166506376108,566.6781490570271,101.68110525179449,58.29124558964533,49.81240690697117
61.939871610682275,5.034186786646181,1.9909276985087216,2311.7140277973353,40.94994044896218,623.1898617768253,98.12101284872057,65.18258737054548,47.23787847863419
60.845533681620466,5.028005414081885,2.234032202245974,2508.5851747347206,50.83104833942463,617.1068970768284,108.11012001566408,52.33577672784925,52.1503553731049
54.23827949153528,4.763597578441481,2.14710219897969,2484.5902361654453,44.18709531267974,544.91662452666,105.40555958776572,67.34125863891128,50.985389250842715
63.76640161664855,5.239778506217714,1.6929360959627675,2212.141807672655,45.803980595095155,638.0155074327649,94.53187128532608,56.186609249401336,44.00740143002048
59.538974065926276,4.9268105517681615,1.7583357621855518,2314.200295725921,41.40190152242558,599.9644717696618,94.20783993186873,60.38656985173579,47.504065494068
68.50168608016529,5.431610398686894,2.0622169935463184,2247.341824642701,40.1154505742268,689.6761052054668,102.15123179792145,62.27630444937164,44.35637971423024
71.53670140014175,5.578598460625694,2.0634716874511825,2448.5918714870995,36.351039881737805,719.2009177873464,96.23295474677909,67.13773969119705,52.12066925628564
59.751630828208114,5.043656412022681,1.9182925873595822,2377.6757349291984,45.90943143682873,600.353020351886,96.54379640490751,58.18067486005874,49.59829264611053
68.19346157827202,5.36598191318462,2.212081490653689,2531.9253193363747,42.04110751781637,692.573555980799,103.5933684330221,60.746054527300664,55.00927705726618
56.70249670452719,5.043033447283609,2.358492765485697,2609.2058730067465,40.995964499686956,580.4868138946653,104.17840391275757,36.29285812436975,59.48233210458755
61.80613423612969,5.007426725531691,1.9708425867906452,2303.3254660378625,46.08991802483031,608.3885947924181,98.5991236005527,58.89710010434308,44.572249331002105
57.288371928033904,4.8523595063589875,1.899964142210995,2376.048742650184,48.20891957857717,578.5170453415544,99.48695949751323,64.24373415040625,46.24209271441723
58.78445917159611,4.997321946933074,1.9737902111054049,2346.270868579145,53.04835810742208,598.4276032356712,100.27676294619079,42.32431709524021,47.61356852977588
64.84672617624152,5.189908816480072,2.446319370165463,2592.530793364652,45.491581675806344,644.4148075505107,112.03541974751252,58.8699294171867,60.95775418864294
65.23504814701361,5.39767450444985,2.09097776338591,2358.388043507439,36.74838770173658,651.0520235342156,97.33025046357034,67.54699352850403,48.45536879084022
56.856816223998926,4.920046284109782,1.9734820574832224,2433.706457808777,56.631006911213845,571.5452567585241,101.4052412309009,48.39769141198028,50.45338926055915
61.23429817233782,4.895451668270622,2.2629456894512106,2561.0095825272588,41.05214365166991,600.9115921962818,105.65986891320925,67.21390186074294,55.94732556836033
68.48591559678994,5.470755376681475,1.974140714822678,2324.331369856062,46.421664161154894,680.7257578082192,93.19530377943502,64.1942410293348,47.37289317018386
58.764156843753014,4.942168593150108,1.782833940071679,2286.2975912815564,53.75311844236411,582.6201634931826,93.32603095730906,52.386487081832264,48.358373021592065
60.93241565391696,5.210780972790832,1.8864947524945042,2248.052696163256,48.617597079180584,612.7820716800029,98.20581509625887,60.04367934058144,46.12201088082653
61.82216676945621,5.008955138611905,2.3933446641652054,2596.3522942904137,47.78658735977089,614.2803561987246,107.24472756145491,59.712266494035106,56.55253941338342
66.78094693663327,5.228594605773592,2.4131333432892776,2643.330517012845,43.18722065978847,655.7955269229337,107.34483542901438,63.598373419668164,62.952086586670724
62.06105944754464,5.0921092481315515,1.766219601027561,2298.3755477523637,39.572359651401214,606.7007267364343,93.36562017194566,58.95138889105216,45.695416676502155
58.20140042911238,4.771246953706626,1.9035138409749224,2277.614157926694,62.22521833900888,577.9830549232806,93.29211113744259,46.80482411375051,44.48495381125079
55.267565682361436,4.700332239625904,2.3299425997776835,2653.186237076517,49.08613507198253,578.6855359416502,105.49628145925465,49.640334949876035,60.80832433592936
62.96824818067798,5.074076451732781,1.7878289808119066,2238.002804074974,47.351582932872454,640.2079803283486,96.51087997409306,58.585928532384585,44.20340309914385
56.78590064845684,4.937531144348812,2.164803889588921,2625.9224654172767,45.338263111696335,568.8788642122109,105.77542317272803,63.005723503448955,57.361174089608674
63.25963052837736,5.153242890065144,1.9266378391624956,2416.8319285380926,38.137451394032205,615.2093998677761,98.52400764186996,61.98751558368838,50.89899184958984
64.68880534145832,5.304083206667805,1.9651521299058892,2347.138757085976,46.44052081832987,645.0024546618711,103.29073886784333,54.366959526871234,49.084254874890284
50.61399503115903,4.59278001577341,1.7770019697642012,2278.4802134810843,46.31430940203382,521.6305610996445,95.47503046391039,62.31686980897847,43.59452192016102
64.19000136819707,5.328327275158344,1.7454359627821803,2210.648007617575,37.53110425367098,644.2730525494427,90.22385477091444,65.97089357729806,44.10466440204965
62.785627159425445,5.018971398675852,2.088266119896796,2469.557318992106,37.08710533776982,637.3600600673078,104.42775578169719,71.88840794044705,52.017400916967965
58.49223005544892,4.847169464325708,2.2489263887063333,2594.6687920130057,45.32518440252308,579.1995601542843,105.41543607650999,61.874548027450764,58.45222324950825
55.94460863871026,4.759832992421332,2.0811395703844084,2468.2610091070605,45.48501467331579,555.8184695853643,101.87620054036603,62.11261752249521,53.49942020425389
62.4423835599309,5.141988129231678,2.239622024905826,2560.471118426799,46.71552237781616,623.1066762342996,107.58009257665702,52.00204145833392,55.39389002394531
65.1397987599953,5.252126912636253,1.939187732224554,2274.868054451975,42.28248829658676,643.582670629526,105.91833549545774,65.96960870260996,46.51279635455102
55.26444244582255,4.7547037384489546,1.9369410973667944,2307.5525948370323,44.030929483961074,567.7142734568387,102.02142232080534,61.41665885015448,46.28602094028677
63.456376743827256,5.113385269370896,1.8176738713935205,2290.2786078182007,53.08812076635853,625.3133100015475,93.82908453691465,56.90885393287804,45.97869444711338
55.99594693028321,4.832195373835241,2.0094509682936454,2441.662667331578,45.606732381131465,582.1142088299179,97.15375739529591,61.54526474795791,50.026964179514856
55.0612820128211,4.58365311724199,1.7488569308645028,2321.4942277242394,40.210885835791196,558.2994918297676,98.3346836716554,59.941070161985785,43.504450617500936
52.84532133038582,4.810269935952325,2.1011101717284815,2323.4537655446447,44.07400503425229,535.5308384488465,102.89986564823592,69.59917449447005,45.32184028836797
48.472934397593974,4.416513546822291,1.9391792251628943,2254.507231556857,45.01859307330444,469.9009455932359,102.34492404768379,63.22776925709181,44.56000278374583
59.92733001143876,4.993893680606893,1.8740247515734447,2453.154856525371,49.75777924192454,599.5110766969107,95.31943027864902,56.19143370311974,49.27107442283248
62.67150112728484,5.238409242719137,2.3162335885771306,2243.4182095821816,41.14436511950884,641.1765374306749,92.28184231124467,59.86179499938139,43.20678038234178
57.927849145325844,4.8562685099982845,2.108034195104308,2439.7899702427208,45.69950829417792,589.5834336696487,106.15195589645009,57.845868093078536,54.075409813153115
67.66985806086011,5.141752303640462,2.1690196166534155,2415.0377883916753,41.861493331910935,662.967002024453,107.4734908929172,59.6695862538682,51.30309789965178
52.484992778921836,4.737564027278019,2.1926861555800854,2401.777222140032,39.623064721653755,526.3237011699763,103.49244070534719,66.69251357802608,50.1599821704317
60.17317606397037,4.846086296764406,1.855968235337965,2248.8064714030106,46.879360919686455,581.0117253019595,104.52849835322422,54.465980009845175,43.079876691074745
60.67063895614168,4.963341468164511,1.5964223823795165,2090.2772133848694,49.550552874917386,612.4235208259321,88.72989816326327,54.487274950251795,37.27359290762564
60.858623548273,4.857931979440988,1.9722523029866486,2367.4283127378867,42.70639391310286,592.9240673922361,98.0061700500028,62.20330828922502,48.52648048540007
54.741569571147316,4.635449476835909,2.1345245878038193,2524.067509860143,39.81913894222733,538.924814367596,104.49249295328855,62.108255535822295,56.07154371963935
48.33011921445443,4.388243634212056,1.9732031361362545,2512.612100046706,40.32338893987931,505.9646357383113,97.28354878483063,66.65700294863558,52.8777439622098
57.14343641537546,4.662169294610825,2.0796365004684567,2593.757266598778,49.60218676767512,541.4589991932986,104.44360554182725,54.63194492494246,58.55867921211304
61.80276866576262,5.114854727891253,2.2407546521185924,2495.848807418244,38.89729436184327,610.4731178656708,102.48079645240992,67.00605359893042,57.528499244352226
63.49853796862755,5.190664025695284,2.1516957415867206,2426.4188242127652,44.967364138091824,634.4005470060098,104.39713273362052,57.031728827567136,52.7085379674316
56.94632080127626,4.827261884740575,2.110261601203397,2245.1885246470138,64.6379048253267,569.6125176381945,106.03411307202217,38.94791669205405,45.42538182838258
68.81289483866293,5.4397033394631285,1.973431480795182,2460.4881768890737,48.69244466503115,710.8748519893849,98.59386086151686,60.06484931131955,50.47938248860552
58.118311819769616,4.759028786212217,2.124217581199391,2485.3990345409147,44.355099694309644,583.6394517290443,102.46308067999469,55.816433011439614,55.15401344560884
61.15629428740388,5.059631665679389,2.4903273106618533,2637.899713696631,39.71526547855374,613.2509409743134,115.89488261201795,63.55016453719917,60.23523953372819
63.04115046149075,5.190217658438609,1.8513742654260918,2273.42106862407,45.53031175752048,635.9650829477579,90.56533293083578,54.304728645101264,45.71314732009108
57.362659871940906,4.939732120789088,1.7966402491044913,2371.035271681834,44.073242907776596,571.4703429966573,94.31369647702827,61.21635532959751,46.66628898743932
61.53628634139069,4.906949942413505,2.0570970333062073,2328.8717981171903,45.243257073819095,608.5512829914719,98.99417731558458,59.629512402373216,46.52637729402592
60.885432020463234,5.242305156139048,2.0924739240712253,2432.4196113443954,51.42067120080266,625.2749729361437,102.7710102926028,54.44329937549719,50.07782861990249
62.288798773021796,5.104715606842943,1.5694138620401896,2164.0111022243586,45.70092912785228,632.7866365949998,95.54848611971732,58.18013474760919,39.37170651007812
61.52100984626529,5.0015346013592765,2.1517352620107446,2460.4014202083813,40.2933694381569,606.1351655985721,101.29740251089044,64.09572633446533,54.139658142163775
55.16101377870171,4.7998713348275235,1.8259641367589117,2250.3196777486396,52.64405289649683,559.2044412928212,94.77541503458143,47.693748110319284,45.26472214277895
66.39989038865215,5.277042261355697,1.8204543908659816,2268.241995935662,42.588766268856155,655.0784070191511,95.60044291917455,66.34783476629153,46.283072007177715
58.167820626499505,4.697231481420918,1.723343066800978,2261.1117197058684,36.23340257235043,569.4974576798802,93.53537553705712,66.22161518490091,43.20024683993959
57.79494128725925,4.933766535881545,1.9854822285941052,2414.2680013431673,48.763696524890875,577.3854999971948,95.82052484936347,56.63591097869121,49.68084254360533
55.29823646739447,4.938038689769433,2.0867778068432257,2458.515839879309,43.59643781588989,559.0070647926068,104.31930956702406,60.12295217348454,51.43190972422642
59.05714708244242,5.061789089779712,1.9104749185220542,2466.4814804352163,43.55698046589975,587.4376426177919,98.6519240162136,55.55102372464463,49.563122839441284
62.98210083333789,5.020928294482044,1.6472610250587918,2134.13514930826,46.099115396767964,613.5580687404012,90.66973359874609,57.00375173513135,40.7234443715642
59.41120652061213,4.8312080000113165,2.0038352768699017,2407.5909894039623,47.26346054634817,593.8943133463011,103.80406911793361,61.475185726048345,51.70696388602236
57.30918399587893,4.853367636918511,2.007199323851177,2460.68078820594,52.660229536386595,575.2995346541118,102.83267535598823,53.70824730137977,52.46956962605633
63.68794423274499,5.021480602425925,2.158241256914739,2494.0641648202545,51.892898602441925,617.0636514252185,100.67932596043795,52.65069540340987,55.64666636271737
68.4378401603103,5.355626185801331,1.9452781769096825,2313.404273438542,56.16447938426385,674.8192877408904,98.51270684118526,54.91953700758051,46.474423731747365
57.49791461308332,4.742534178624155,1.9705005103019764,2431.249574333334,40.326719064496785,567.3766212452033,103.09192099016668,69.57513594596595,52.27522320405015
56.541150619416165,4.851126627495177,2.0477534661331562,2403.5337273111736,43.284060394670156,574.3374299348997,98.94164205544837,65.99607319914982,48.92693783451097
54.54956479219178,4.611979308696881,1.7702022128617327,2339.8768532157774,45.97522321436108,523.6016501550417,95.51631448347489,57.71744923206882,48.455253829574886
60.361339128665094,4.940699661595411,1.6949947262403704,2249.0082154689208,38.88624240585411,599.9602113402359,97.21005052848446,68.07352460675206,42.2411144829196
68.23131411882248,5.370378923071945,2.1387983571591676,2460.850183566483,43.05555820778767,680.9779464992787,103.03814176442768,59.44992370458521,52.61619836518283
52.43743554680788,4.625727025868743,1.8475401540606171,2367.5329111598803,44.416166718715175,508.97215642490147,96.92577557661852,57.122865322416786,46.676146778345974
63.21327008288863,5.193733611147076,2.1664634898736184,2540.5832733630477,40.991754609251146,641.0821069935454,103.69480079173103,62.24915333916685,56.20947351269081
57.24231685387443,4.981435646129027,2.1873521585552425,2463.21616717504,44.18281685573988,569.6973765717314,104.04567095903113,58.365216647456805,53.44586754302301
57.96424033521237,4.963492792462577,1.776300668533198,2267.920370209315,41.633902691200774,584.9719231267003,93.25933521793598,57.62442637146717,44.97469881234009
61.42782613990268,4.952638450072147,1.8968479575671109,2277.3853349749406,51.802563791514785,620.148719562841,100.9366104411269,55.06984013733806,44.97998124412366
60.253823419288196,5.080004228405197,2.0118212282222006,2398.872331342939,42.4646289924682,597.1535545912776,98.16264637687755,62.83224688466644,49.1644846314143
59.0706788005285,4.838484990054933,2.0405309093038473,2322.9954143341884,45.78956192028366,585.3717592325152,99.351511028159,57.900744842909816,48.63561750567159
59.17933273385194,4.843747232471129,2.0272225249602522,2456.491023651459,37.957590202756734,585.5400678433288,100.09136902291482,61.667818436831865,52.747417388819976
71.20331724791471,5.473277341934865,1.9746590678686085,2417.2433364411027,50.12193680472963,727.917614685841,101.21619853710656,50.73237061647333,50.70493247269201
64.40461890742293,5.375121601366827,1.9770576904590436,2384.9475241633354,43.99121667644042,638.980100500205,95.03707452080735,53.409396009928116,49.29826749056262
60.36340572730222,4.9740510865939225,2.0025478616376957,2391.6574329270497,45.344980129346375,585.2589573678532,96.82401410157684,58.27377540919278,50.092090684953384
62.636381334608785,5.032617276844814,1.9207741063987673,2431.1432296390576,50.33882029914243,616.2453803691544,95.58524991809227,54.83802610912743,53.553082613035116
62.15573654896192,5.141021653012973,1.719681024588899,2290.646450426437,57.35570494792662,629.997873758285,92.0478157533786,55.23195369961817,43.74197195308912
69.99061546568785,5.590405758402328,2.2055546113120688,2617.055912463281,49.24576283228133,707.0984904300601,99.36542475394626,55.069074814777316,58.10351214347197
65.66764805214656,5.185992121452906,2.000120141599469,2503.468867460797,44.74671870599571,663.6164842109341,101.4252291529357,61.2448731426748,54.29514901706923
57.65489837204762,4.956749374138829,1.9936133401717684,2288.4901339047083,38.95265953540572,597.1677835374601,100.48906227946472,66.02767861164523,46.746206779575616
61.81890332087297,5.110894916112642,1.624873884960983,2070.2165421068303,44.90369017741664,611.276587095527,91.8451135941416,60.29586343715039,34.684281148004025
64.65506929307462,5.142961634596135,2.159985790262686,2573.882163865648,46.841465888923295,631.6234923144048,103.00847464697685,63.65724875001059,53.97811217966284
52.25630431591588,4.589362624858744,1.8658757950466676,2312.360758447166,43.76192876741755,509.31259339847554,94.37108797515741,60.09620517248041,47.31255406556947
62.24878934447386,5.14339488522153,1.9827221229630718,2349.0066957346526,50.860418592782494,617.1187375316033,98.3973857293979,57.976732482647,50.25736154642899
64.92956832950775,5.169082225426793,2.0604468202213466,2407.1120221740102,34.79081007624427,651.2549193322486,107.8761034349536,72.97817096735466,50.4613057710678
65.43151628069873,5.22819757430388,1.9880848704219845,2392.764505808089,51.90703014476774,633.0210218209663,96.64095852914227,55.389418287303414,50.06240882679056
54.58345365525649,4.881320621239491,2.278022366308111,2436.9027396498977,40.238393893858216,569.3742701442139,103.363267807179,64.04989838807367,52.28523252353067
54.88368592704648,5.065729308431706,2.115381541733506,2573.7229998757766,46.631166536810014,554.0977018961049,101.18624314967619,55.173461786599056,58.37680168431903
65.84093480329952,5.192234110483234,1.965211493629215,2411.1113110454135,49.182125845795284,645.5757494187936,102.63714771006337,54.36573387540072,48.6774610002849
51.57565534906246,4.5079840490961995,1.9647921062818179,2402.355472958723,41.76168349197014,520.7799618456772,94.77357642857297,60.74850086479051,48.03365803169001
66.00372194773576,5.242980875926352,2.117967993622498,2542.720060392885,39.55039532604968,644.628906427171,98.95404338102017,68.36113123402247,55.89629940859818
50.89639591254925,4.394331392707339,1.9705310353734522,2318.3744573575987,51.89238203171555,516.6419522633329,100.2142096181245,57.39625765714036,47.41915647193148
62.12747727101187,5.231859761552826,2.134419212292355,2488.950181614276,44.045057201179375,634.5705199407603,101.88000527373,64.89877717081814,53.30256903654864
61.08408847909002,4.819100855099581,1.953174504849803,2384.312958265278,44.451854898312575,597.0481438759534,98.04729133753924,66.69588058431779,199.6523165298863
53.30848930614269,4.6685456508552985,1.952925911922169,2383.1017442515254,53.916649635457915,540.9259649399796,95.87944735924901,52.773137444628446,46.01532872103893
52.1369658917647,4.696817582096969,2.154305314974638,2581.75266628372,40.11571021397459,526.4574560545285,99.90512653173296,62.603292379053094,54.69168370935782
57.029787867898555,4.848747819101469,2.0162254950852514,2539.572580959637,40.68613829664832,571.6525452431605,99.59571813424904,65.05976726437454,54.435170291400944
61.012055266808034,4.791466549327641,1.9458400561980824,2418.3051606383087,42.15340205935754,602.0036647655011,107.00448296599652,65.23387684435599,50.94448431301284
60.47286480383903,4.902066629955346,1.9838946272487314,2373.3100677471525,39.00838073179203,610.2157275163122,104.80793285475967,64.16609941802241,50.67514668286187
61.60776740257141,5.095333172992669,2.578437737927975,2758.713541380641,37.64724431428112,613.7556731495833,112.49874547670828,68.88452489012772,62.12437900652064
56.28937010006791,4.720421936616167,2.26766419253608,2429.1379358792137,35.82504298515935,566.7230656638044,104.42279349834305,68.40538985896903,50.565504449484756
55.173515085819915,4.780130976852565,2.0987573376610142,2491.9938912936777,39.27081524850821,567.8334229037308,101.24087036221653,63.05885824855968,53.241563547313106
55.46807944284158,4.908473052142243,2.223385638063804,2487.693685021062,48.915662982756835,559.8581560204874,104.08342993964597,51.96613342501663,53.72363456346846
66.2162531525116,5.318327193140495,2.0080429498405024,2500.6295413711773,45.211556528788904,670.456296834716,101.77157736781118,62.232495898946226,53.16910736764957
61.937134681550866,4.917709705463782,1.9497839453992794,2364.7676677566305,46.58835289621923,589.4255955558078,99.47649444808235,61.24862949606596,47.354703543045645
63.83440913407446,5.130040244191129,2.079793333191933,2562.3103754789854,47.93571754310539,630.3781185901978,98.74324300437867,50.98172314850051,54.38135855057529
57.60392965951153,4.87618320463632,1.8145475119834604,2298.535352460356,46.993666419242295,579.63952327911,96.3565730100401,59.367277136185365,45.57735292984169
54.202187071239656,4.716986297444313,1.943678651592798,2350.2704662120486,47.346059033472464,545.9867947106213,95.09739843251512,60.84212451166328,46.11764399919557
56.43251489086807,4.769213614569273,2.182693473174508,2559.3988768267945,44.9394161853045,566.7094080863175,103.18886148936046,58.98509726200277,56.23380813742481
64.49319457808389,5.482943292373872,1.9491909387810176,2394.7436851695215,34.16570443884764,659.5911232576766,100.60514697216014,72.73608356877331,49.360632741013845
55.373751555658245,4.709408501980592,1.762127867553447,2269.1601120715677,45.20040038190501,551.1480086576665,96.15288844121179,54.98819221699576,43.483025462278306
54.295592660770296,4.76713551264952,2.1091337480561867,2502.9613798347236,47.03534238378163,563.4239399601506,103.2015508510519,57.38497444146552,53.609840960518696
52.470743141230635,4.618747791254243,2.1888559246095416,2497.555674879494,45.02051836969849,517.7223888364437,102.14254618312314,57.321757374643404,52.303470952653804
63.20301517028035,5.120784457617449,1.987188615173966,2376.3984893273346,52.439666308114994,630.0656717600858,94.16508702356583,47.050736868809736,48.343720729579154
48.42318946160418,4.379472761010385,2.1464997119982603,2485.294448676778,40.911562198374,487.86669373536864,98.51225951683656,64.2697860821932,54.25220880416011
57.60356952454367,5.158752852321154,1.9165540152663263,2343.4036631175054,44.529933433168736,584.8819879096382,96.66616085378848,65.22551938595879,45.83207541151432
59.94773570481049,4.993016948545552,2.003630383447948,2409.9972407642663,41.43178431808774,591.6796516340663,98.44706785494893,64.00728312120367,51.08418965500044
62.216448506024115,5.272945997861361,2.2074250603051397,2408.2866507830367,42.55011677143599,643.2297925059016,93.04240651103159,62.129999468242836,50.68037867518171
66.58802334338382,5.408285343528409,2.3700237130606836,2701.8806097745473,44.014438968885614,670.2013374506176,111.500467261254,61.56094849413591,60.658854135419894
63.271308883438785,5.392403555556664,2.2598922690867385,2587.968248358983,42.89267459019519,646.9829285462652,106.53025894774528,67.18431728768624,58.514526275399845
59.7256062460622,5.04423080031413,1.8624386765575436,2354.992152162671,39.892949987019904,599.4174359762611,95.97276921005549,63.212777089435015,48.591776243265244
62.820188131702224,5.227675002665745,1.929183507253986,2299.4539797576354,49.83135976945535,622.4996354991418,103.21151149834809,56.831841656575705,45.45697573201379
60.296963811004595,5.024512951393908,2.3192232697449935,2518.1288034676895,51.06402481674701,593.1467011112486,109.73640097231913,53.33978664131074,53.86328123627947
64.5450706590564,5.136493500319663,2.144312406615606,2513.910613658788,46.204824139394965,655.818096138908,104.86506074743642,56.79118693268489,55.45894969992797
61.42968226891295,4.9649097868440455,1.79971785291491,2198.1595882447486,44.783883978112705,607.1997912212286,99.38142484209064,61.02567412248069,46.02371650926006
64.84362701925299,5.187435591210404,2.0455368486781156,2429.6218003343056,38.48684519394446,625.6936967852661,102.7868268293808,66.742292850602,51.63034351320763
63.73598188028344,5.167660097979466,2.1492130023911455,2495.6037291533003,49.16798080786224,626.9463355820601,103.82226625556964,57.41544144667265,54.238935477887075
62.60418756998365,4.960310264251133,2.114528489949731,2388.859559936893,60.14449933520761,629.8632275959254,104.30261052829246,53.44796923565764,49.15491644834084
71.15469690460283,5.524973658980005,2.0842126420793363,2434.8142293214382,41.713607013808534,695.1351037997122,103.43746895330585,59.8764175082216,49.66455026162582
61.23780213870508,4.943248423230907,1.7883653609979453,2321.422476720287,49.659334773750025,622.2034245560058,100.72142744887313,57.06919505672133,46.71994015204754
51.98412116818231,4.686376461521563,2.1192759870072497,2377.8091048843035,40.906746334984426,517.6822559659406,107.12847267256063,60.530198283975444,49.230425213768086
59.137056771404914,5.073995585508259,1.8565471056022842,2347.456163515694,43.702282143734195,606.3630518422962,99.67594775377859,60.766553000966795,48.60315400164286
65.76101767657683,5.364471454340458,1.4999932856423306,2278.49366763906,43.912760684616686,639.9163747639436,85.22124747641729,58.73812156376759,45.32127346941068
58.88103038248928,4.911844424650106,1.8671267021577864,2335.517017326708,49.27128142932835,589.187818712713,97.72758388929084,63.65837782310367,47.75796363270467
58.39050125764312,4.893713050265878,1.5127342045483876,2193.922946816924,34.096851431691235,584.7142656032131,91.79365718987998,68.2323749439544,42.04744300753009
60.263019943095905,4.939002007024209,1.9827765292649864,2314.030225479413,43.00663281260365,602.4934214074672,101.33448902394625,61.98204886728527,46.70094810143638
58.13187975023902,4.769914938274901,2.0468641069981053,2490.076338674524,43.646593331111035,602.5731640944525,94.05262988615559,69.05685925600031,54.96437439764714
58.02042859170612,4.8911197492866005,1.9521571970791158,2388.8040365659263,41.9697837133375,574.1205928167013,96.16995543531803,65.11407368925347,48.26190233601167
61.7945324613565,5.289691734604612,2.1577113545258295,2489.7593340250264,44.51847789442339,614.9253222333384,105.55402528511911,65.5540202278309,54.41930179568692
66.43393405230418,5.3390795105779425,2.1683020276158245,2608.728115276387,38.949829678729564,639.9682267966081,104.71522380701936,62.24403469921597,57.661093789908975
62.171127395909835,5.319410057873063,1.991793288207429,2255.6299664939334,59.02351488318595,636.6008063622141,94.73890844953904,46.72537468109388,47.06122348168622
61.26784377810855,5.054025877671547,2.2628027019385866,2564.710183363178,41.210404592954504,609.7049648429403,104.95455893419148,63.90563886987671,54.843251936859154
67.55633294314576,5.297717440296839,2.027333667181497,2350.2510706581097,38.57979884169098,661.9206620309888,106.78166681256515,64.42274452375,47.83862831990211
71.2798327004549,5.65623164661041,3.18914792754198,2436.9544295699557,48.09811679940308,708.7892485232138,105.80496037875994,48.57161043454389,50.575769079688456
55.186494760119096,4.885127944698621,1.835491050798431,2357.0993920070437,36.23761495730508,567.3463076892239,101.09851719257475,68.69015692932949,49.33119039226673
60.909299084883536,4.957991208338316,1.9775651880908214,2389.8068866242957,38.42521149274874,619.4387884558616,100.59515056566894,64.27060698483587,51.01936358558013
62.9203159964076,4.99116172113256,2.257292181363594,2492.834291530625,49.23679909138798,622.4179759468425,102.92195856043028,57.799752051878485,52.73523473109341
67.19722145271362,5.197864685652515,2.0579818922657718,2424.1523701777055,52.519209012357244,671.7850093078011,96.41809981207138,56.55339153867674,51.77616598943752
61.03293812422932,5.216375032746271,2.0089598303148506,2408.1917979279224,45.879798455489606,612.8271239696683,104.80925567555002,57.620789962923105,51.23633422365481
66.51860614181624,5.192386190671695,2.1442787205526512,2460.454601674889,41.557645903659086,664.6512356540139,105.95214502488317,60.052980681700326,50.715695057333804
65.7902280691821,5.283162729100292,1.5904912394855966,2131.9302709943177,48.255804509721955,642.952437307835,91.86169767301459,61.66134011355541,39.755139830486335
57.01511068768343,4.814606651004688,1.6632090277995393,2201.775364754017,31.536129660994057,561.1891592057714,92.21375081085526,73.85163864826804,44.66105940326861
60.711101178804135,5.0213151422082944,2.0454377325048503,2425.912108010536,54.38698246873799,615.6108383923114,100.66448483606129,53.651740070301294,50.193181536374276
61.404048189014105,5.000201651870811,2.16647720592563,2380.545742883148,35.347495141192056,607.1357967060682,103.70120735380684,74.43716800320034,52.100075467872635
61.90412491199946,4.938181250389607,1.9152750821273736,2343.900808700806,44.70656457161846,593.7217417014313,99.18207444661786,58.35755268878661,49.29186557580412
59.6831932957303,5.024974387415293,2.2829233443863863,2619.4850000976985,47.5372570027521,595.5452727066194,100.82130748366433,54.968411269981786,58.90746977096926
59.30732158846377,4.906141307464733,2.273160189570066,2577.082928187799,50.82374397766561,577.5795894074292,105.63515331953609,59.90186716518659,57.98903149805634
54.404147817395746,4.672481188918708,1.8807784646844987,2298.857954800699,55.101895944353224,538.2321524424115,98.69086112964351,54.836286350643654,43.23682619599509
60.2765988746501,5.1013654118603995,2.1279793432845215,2404.825517586785,51.992050868913175,604.983675515093,103.97815751112692,55.68915609929322,50.356876220445486
53.485524473780316,4.776885315320447,1.9389032300131763,2421.562483238051,42.6124259062151,546.9124007261725,100.63252312334937,64.71723070924816,45.13672680584763
61.97869599872878,5.106520063596155,1.9680296766808756,2384.580361676449,45.29740599880189,641.2875454662438,100.49026511575214,69.25183478412448,49.88497341262764
60.75418984963534,5.234838880577041,2.077466295420818,2419.177876371582,45.253697144770285,619.4557966579708,104.18018868376876,60.74889104027001,52.727913006268814
57.24698951561695,4.9698514027122105,1.8165709227243312,2379.2442002990547,49.015558713846886,577.7300527086677,97.97079545034742,59.63723589688885,47.99335600553522
61.62015823830121,5.015834606107627,2.072915174332799,2547.552359463046,39.98528214803409,615.0038649731529,99.69855851068172,64.66989822837611,56.126424215058925
58.80363004520175,4.846603630830054,2.200190760306943,2521.0556155281884,40.93219046331186,579.7797988534855,106.3301773425918,65.38379312630055,56.043808533470084
61.77537053550958,5.257487590703132,2.1612545719206775,2571.189474192207,34.32585467308013,630.8499831593866,102.66061172944143,72.08249924156823,56.05848481029478
62.03882810174739,4.900363698872139,2.1070041346495385,2269.216372527174,50.18416205110733,592.8696029939964,100.49579070325622,55.98430376390831,45.841376803731904
67.31619452193043,5.361655962474389,2.0209021876140287,2460.228610772074,40.76867223998179,670.1894692334264,100.73157259013658,59.35436311571859,51.859474043650636
53.877889408098035,4.592955902665367,1.9404228972090578,2202.8385825423356,47.61480016682155,534.9989766734362,97.57052183406299,54.01784505929122,41.311153759762774
61.37294264892294,4.9735411043301685,1.9778095306643269,2402.4523658228272,51.675544493684505,611.3508401886286,98.09775775457703,55.88138288862881,51.76351507604412
60.299657844610174,5.140591610394252,1.8830891632520874,2244.4468311358673,51.11439001092894,611.9772942069483,95.77486610431191,55.66362363049372,43.30538738607532
64.84441144150675,5.198402222682977,2.1204669338937805,2534.0028984625997,48.6951513086866,635.6235352537576,103.22489432666134,55.927509163023174,55.320961559498926
62.42661300065502,5.115507601477751,2.1403514082405706,2401.2198831385103,42.649218662484095,611.9038420846756,103.13196441097091,55.920715774895406,51.93572958625539
61.12353553398931,5.061947341271402,2.238941856028715,2584.234276581847,40.76672882132358,599.639470817419,102.06423232224407,69.80059845494391,57.96575953612748
66.69112755846331,5.049807997230058,1.8032530022565347,2336.0782814621834,51.11678467823997,645.2180448242723,96.16394251504805,56.182426005364704,47.57631336039679
62.34277265928048,5.0919944574060265,1.7110960197107423,2265.335145851764,43.919177533420694,627.6226122494638,97.15429425964666,61.41786763658989,42.15251051297951
57.014454752306236,4.899849700208294,2.018792165415862,2444.033192652511,41.05173899790006,566.5515452974577,97.02047466781929,65.81786924347074,51.35039041271296
56.20553068765834,4.768965463918756,2.0522149495216584,2462.144159392799,39.09164502787175,555.9040214498817,101.80179813644347,64.85753730601516,48.6443832521212
63.951807461547375,5.145547084469779,2.166922985907259,2513.2127273088754,43.90805444098411,622.4324758164939,106.47081880132927,62.83667866558113,53.81168491371866
63.89871847081025,5.203035826871623,2.167114085937583,2572.5153615746513,52.50606693360167,648.9545169974596,105.69374029064873,47.45022713166172,57.59437779044661
64.61676467081094,5.148352815103582,1.7429503718707473,2201.650027834882,54.466029371286034,664.8881422353469,90.43569145889693,54.05597076522129,40.36241322659154
67.18917208343774,5.267920751354814,2.161995779775147,2443.180216874264,50.79051050432928,650.8836809178707,100.96849657099293,52.25711266715435,52.00626279917067
59.897924952761365,5.025565996306726,1.7078263099175017,2268.7164707975617,30.980698787124926,603.2804457255479,94.4189660718507,69.61334180435648,44.99562666092673
49.20647449239961,4.3808631971889715,1.5972453358756433,2200.0975804575955,35.45469741449437,497.680016165891,96.91143390721032,78.27929053307336,38.96930244367651
59.10479399571905,4.939839033430834,2.1193055932525944,2396.9717748269823,52.160672798120565,595.7263543951132,102.01336526774037,50.40973768286251,51.24156484442082
57.39592833748933,4.804907156134866,1.9230696856194285,2349.805803158362,46.30680906570995,569.5489565094252,100.26301759359407,51.253722894480354,48.34116349443361
60.480116446011756,5.134519047219218,2.0475354973508924,2429.9780872092842,40.09423135765582,616.583391646338,103.48519249349954,65.05016740558631,50.28803272853191
60.81744152055341,5.029862232435355,2.242887739754602,2602.056192382971,48.50689078267558,594.1773328203932,106.84518869302664,57.265297324701535,58.336041957801804
55.05102580677194,4.720925013745285,2.2282507214014307,2517.530195801888,42.48931224433973,545.5556066704802,104.53367929304622,57.409947340836574,54.87790887565558
57.429548214075474,4.835480188708216,1.6450136626006162,2187.0988601654144,47.674297593257684,576.1249857905132,91.50030027553954,60.534666993699226,43.56712961630862
61.46479639141098,5.117136181142589,1.7571035090751006,2381.0407863914,44.81358680058195,627.7410787489425,96.79476664309314,62.01862400071089,49.76336278856115
62.67722683982761,5.234481726134758,1.8975792900005573,2379.4133709933285,49.537333679540154,617.436869261549,104.98893810084643,59.785423808291625,50.801835742113894
65.24106791310369,5.21041647559017,2.158991754105318,2401.602439749619,44.072426167243,653.0856600235095,107.78079767513405,61.826762664993616,52.18612737664111
56.668148412459914,5.102908459109155,1.906432697912765,2327.006651522888,43.813478779432614,591.470026997905,106.48712565905133,57.687113721422875,45.83278372821276
56.99028857618492,4.874496544994873,1.9975874556144664,2350.0230077481115,48.32676782408761,572.2826311003779,98.12563616080769,59.68406510875048,49.07130985887567
66.58700172080779,5.262185205369342,1.7962645663384542,2295.885859082465,48.9472716802345,683.3723114960668,94.95223410672132,57.00274649267825,46.34750956500878
60.20990595548653,0.8068122758352614,1.846116239778164,2341.8044234914673,35.92647660800927,597.9031231406746,97.26098925994512,67.79405959313804,47.31544366221206
59.45753442459124,5.151199509959438,1.8686800664340537,2235.543466988528,45.7847198878961,598.2989831161551,98.05214672398131,57.93391242582532,43.061167188430524
56.98239723782461,4.796336324260463,1.6105265848538588,2356.357345841221,48.05496784267968,584.9214373011024,91.5375292486516,62.26091783745007,49.56684680788958
65.0539269591841,5.3168197500415015,1.7543006320632688,2350.3426730885194,51.004730935892894,655.5080268561139,95.1999421781174,59.472742050948156,48.25500897531878
63.85231651120513,5.278966960475959,2.3883686120354093,2681.2887442656393,35.21039680117628,636.600070378476,107.27161514483632,68.80571799628379,59.858566651462176
65.65685078986647,5.141261653105402,1.9024344634164678,2521.3568800695293,37.92910630211251,609.6796054033886,98.48633387330753,63.377518378714576,55.02082917366559
61.560237615816334,4.9015770917245565,1.9999792865849626,2485.7286908626847,46.95031932776873,610.4687696631602,103.5806777476177,57.70452463189279,51.86229924325522
62.54904755569112,4.93649861148209,1.9173205306961387,2258.4806598933383,47.58576967156804,604.780249271319,99.80245146883371,58.995457894858426,45.79440491607914
64.20181070946492,5.06543482714889,1.967496193992016,2313.6176569837676,43.008717164165674,644.3903747795036,101.21196309172717,59.22574415347328,48.824830879834906
67.71136460940593,5.21650951316313,2.081554583028251,2360.4064820812105,44.55890409115468,679.1796627744807,102.15723607759868,66.76759733099563,48.63354533915395
65.76656548268929,5.438010420900788,2.1358476084199474,2496.4721826758255,51.751051416753405,669.2265917366622,103.75392048693602,49.33831348492491,54.99060595800378
59.82733513511531,5.015505326273217,1.8579888059652863,2281.8945370460383,50.02398781293789,595.636289088475,102.26457971118845,50.846788220018695,44.30841102167831
53.85020155484253,4.442317322627652,2.2778152574050257,2517.419969717573,41.03542497141042,511.86582356413663,103.50117361527447,57.51017153132139,55.47584136290291
54.93547632877223,4.858814712594563,1.9203891038768175,2450.5844933998196,50.466044431602214,548.5096679937968,99.55464849709958,58.802429245501436,48.21854302076816
57.158769319410496,4.878969838517709,1.8763955677858406,2371.627024006317,42.275271090599325,577.668016742439,92.69756571631203,53.895158798434224,51.995035548861715
57.05838624597333,4.969240009166944,2.0060444197643874,2323.011672487508,42.955669369145234,581.8825871341564,101.13859349176145,62.66051135854386,47.85627893273541
63.08795869463487,5.215258664109365,2.11980096761301,2357.153313980939,43.899465838608876,630.4847335130032,100.83389742788694,63.26025489358692,48.88209532142036
59.64920852717145,5.1679819254550665,1.9918730640452167,2376.343136946937,42.5199469721308,609.9663979637875,95.99129861141785,61.50796658457102,49.103775910480664
60.45463703689279,5.056333956071832,2.000844436156183,2234.137749513753,39.66084238267769,577.4083828937098,103.05203148879565,64.86429881562361,46.354930997315314
64.02622983229818,5.113781491179436,2.01013214356833,2265.1014664179584,57.33982673533376,632.6895798003127,98.52917428061532,49.566008906023455,45.93227607606672
59.97389441902496,4.891354014155801,1.9953525122380842,2465.760463148568,47.15563897129983,594.7210091630781,105.39341718864947,57.14612218809836,52.17143444355177
55.20101041555452,4.6487816260216785,1.8920954436470967,2294.7381300886277,45.6642112521624,555.9712210062165,94.45336899995996,64.08076874977236,46.841808418479175
59.00562770233811,5.0520550487451485,1.9608352487359668,2264.8319484522135,50.41658985762131,602.9151964866386,96.99017385964723,53.825711607421205,44.35710853648258
54.39394231749311,4.8914703252129215,1.8049058195448502,2191.569492220834,40.97453575997314,548.5558588573532,99.59402847062148,61.87139386217214,44.31193995978667
65.75085157690386,5.388520010405621,1.7858816725610092,2208.0725510651605,37.03151476298631,655.200875349154,96.22600402680229,69.18780208523727,39.31445687835212
58.82205924457812,4.799198791748012,1.976031659598766,2311.37743884385,49.033227047610225,599.6713369527489,101.87495669470601,59.94046493296865,46.819053638476944
56.84428984414046,4.721693441839167,2.019147994417972,2434.4493867896026,51.32917755944923,554.9436120532961,99.20159287118133,51.843635208715455,52.264335869198234
68.05812455942406,5.322586485819318,1.8740294179828185,2305.563288454609,39.168935743425905,678.9969517801926,99.61223544451892,62.972913173149884,45.409993471882004
56.12646085195345,4.98837652428743,2.0508404555163673,2251.6544860194117,38.3516114487498,561.3182352629866,106.99109160431803,68.72722641641278,44.589157178815924
68.06179452603267,5.553915103682199,2.1639302074705684,2484.442351832591,47.22889416961433,693.2661153612845,100.34741040888157,56.6376584325926,55.79797603960602
68.90135968360622,5.39931152159625,1.5902013263689794,2117.99178676515,48.46734596369043,688.5423725720426,93.72649502290427,54.026509709338406,38.38707893043359
59.25434884292578,5.195862582968992,2.1555633923560396,2488.157529806732,42.89536626478194,606.9442056433348,104.3055931030273,61.7589582952521,52.441513881668605
55.55173184298406,4.856350116172088,1.871096556915989,2416.103689793975,42.37177646656359,562.1874276171833,102.6267732630043,61.979089059544044,52.77433907546934
61.463418122984805,5.0668297771172925,2.388369027296724,2823.8648776216937,36.94405630269199,607.8750647480293,109.88924619242408,68.68638832414501,65.73560467904846
51.105810123542085,4.658030753594472,1.9769253112160754,2365.2697986784297,38.41837917349806,527.9860187931316,97.27979213154003,62.328685118948485,50.01589149857475
55.8758712795761,4.853125869222984,2.045368720036724,2477.649278722022,46.26710891346199,563.5347739885563,95.9983401725656,57.41679335143508,49.234580020844525
60.04930822015874,5.09605928406441,2.0242709141226034,2410.9332643672574,50.862903577470654,620.6691038790617,102.69927438917827,51.51393060589826,48.98706353195454
62.13631126681977,5.217076968591342,1.9345634031536767,2376.38189854098,53.27286083972284,627.1672451674326,93.58553250814381,52.21072757248395,50.489520393395665
49.649172993586916,4.560728978393273,2.005738421572588,2361.57138849437,45.83861431858688,509.37436018530474,101.91756933869902,59.30612282884267,48.038810725825726
66.99856500658623,5.455012922360232,2.078812399015316,2536.3070146883465,41.89454602402128,660.2698267560352,104.15798552674069,66.2118428774833,54.57408975265533
54.44294810656425,4.7088024311346155,1.8704885176861885,2271.5627011087786,46.84287479259814,557.0131282592482,98.02560822754529,59.43056014795597,44.04593209834513
58.21439008470022,4.979041499724087,1.715334943432743,2160.152857688332,44.126966717319334,586.1626943421769,92.57977418871553,66.79314838460078,40.1087229502765
64.27076648053738,5.215743501837828,1.989769546773188,2437.093167332983,52.482045393178836,644.940553245165,100.81001223180868,50.50032944864415,51.149881962997824
59.5412345914954,4.895730519823982,1.9607961170652102,2304.3274392999965,41.24469343602585,584.4251164960255,103.41961522751832,57.04970025590656,44.5888588960621
62.14567196167474,5.222591962069979,2.276433030974457,2554.3715857125885,49.212950705377416,624.1814216388846,112.6506423060117,59.417848274591954,55.329821596457364
62.68239537990871,5.105234608212369,2.0042500073981193,2504.563555612671,41.19533844099932,635.2953287206525,104.20977544561616,61.61933182471011,52.977746740053796
58.44774698585066,4.891770698499753,1.9361369767269268,2368.486017393474,37.63274015944746,571.0433298028693,95.73645838125213,63.315117388091444,50.57287659627741
64.37953884024886,5.160776947943451,1.9667808415248629,2320.3782469683147,53.02486753518755,656.4270704994337,102.12362916974324,44.47632855882884,47.0488009948242
63.90857317584535,5.039254854457662,1.734277122178704,2294.1580841622836,47.32924991624305,639.8502240851087,96.2984736699066,65.80663145752975,43.90221762350986
70.04702134977701,5.501345524346557,1.9465993200071336,2383.163769531643,43.13416532788371,683.949980464421,99.21875329155256,61.49530893001075,50.651184296042274
67.56808190265599,5.219484649943846,1.8053837379152733,2391.675036078012,44.90148805991461,671.9715636605138,95.91494356947322,51.890634069049995,47.96215387301341
59.29365035179074,5.124650979293225,1.9925420673964926,2364.1973444406385,40.523915741630226,592.7353402492051,98.62353417416506,62.486259676676326,48.82507089655721
64.8721546911349,5.176765155212925,2.1049303446264314,2412.444618547326,46.640388228647254,642.4491448647577,103.79337331030158,58.983797947310755,51.41375330492438
55.776215561268,4.815134589867234,2.268372722810892,2484.9660949537865,49.57367689766015,570.0970441613447,107.26825683963966,56.44712458492547,51.86754650521211
62.34154637463317,5.077428312849902,2.1652359798227225,2498.3226220024135,47.07802628825414,633.9672193286049,100.2183563861507,55.76276619648857,55.053930120320565
66.85507057889137,5.419364994648676,1.8101401396731838,2189.4433592607434,39.793075766404996,678.5257825399063,96.28245942290602,60.28427241854253,40.95555076271454
64.68358411105936,5.202973063994373,2.2571384144765765,2515.5506017629796,53.49240933809483,635.422333824303,109.41387592941918,49.77938117598602,53.20947222981143
59.28527509179096,5.103442346163227,2.1102656881936115,2488.478084118091,41.694820423413134,599.8982962667126,100.86069346545321,64.1134708199262,54.22959945947475
56.01632751425962,4.792793399652707,1.8781474032667687,2367.0640342550423,50.8597298118161,559.6452237410184,97.46921640850098,52.21380951561724,48.227864795140626
55.96584825281335,4.9226227313056405,1.925352016633026,2414.7883339266746,44.35051815223905,576.92116966882,104.59417902739628,57.00301184925799,47.94905376609838
61.81141997868939,5.203013364629038,1.908795035690618,2312.715279138263,43.31267075537759,610.4144431621476,97.74233620933039,62.13582676046382,48.348231708551005
55.5646851069526,4.731451896111284,1.6950250629565242,2163.1691550561923,49.54522818384781,561.8434934665057,96.5273539446689,55.84425620937335,42.491942945667624
59.909321495060524,4.8633213993553435,1.8911168023187375,2301.7286448104023,42.710475989630176,591.6638528033028,97.45405510366376,62.09159949883293,46.70018814586983
58.144762528997354,4.768485950489641,2.313292620979733,2605.3643742425566,35.82851239915151,571.2020517368171,107.56772274016758,66.81388766305761,59.29452116412386
64.32658204541224,5.213904883322938,1.8530237879459999,2266.524950965768,48.467912311858875,645.0442923097768,104.53806411653483,57.32028031001392,43.42513231722041
67.15326436474416,5.317301019104641,2.0182412157784655,2417.6384093368924,45.068594269582576,676.360766663718,99.4571898616444,56.99537197979228,49.56655921824254
63.894540891244574,5.281115397447852,1.7303737775766375,2302.975776849228,41.53976357835827,635.6149839795903,98.18336401461194,62.18458737390038,42.72561138910372
53.16771955528107,4.620017263010541,2.07167958360213,2396.0369147219144,48.62607765156996,526.9515236180823,105.23143520381669,59.880442888190174,47.18258877675205
59.27857263358648,5.111190056647964,2.1972342454937213,2419.891453750811,42.088851034834406,592.1636024639208,107.66306757098462,63.9276765640728,50.61357618387361
62.82289966312118,5.017155844444037,2.0887260903528384,2400.2082385585013,54.58974056478503,614.7469440335931,105.72576755948226,55.46980942128385,49.47737438832708
56.232055524839005,4.626426594042879,2.0573851642248195,2448.9412188808346,51.94888431076507,541.3618332362057,103.32203340991146,53.70390860496744,50.40396277117458
64.22726034554528,5.111911075826811,2.3202356441264644,2592.1886412289296,50.47491564622684,645.44278494985,102.61961322788255,56.67929380555353,56.3866120642359
52.84673680948577,4.659267036861626,2.0419282937557695,2354.3107775824956,51.90154252211357,560.9722511452507,100.49525307563412,54.76060739458234,48.35552654160744
61.965580863955736,5.075016095415113,2.1313855315298387,2580.709256000291,47.08348809637446,603.3931987223154,101.17429391070725,63.46327112151502,58.397156012408736
57.28274273533005,5.128449566762389,2.112135642342879,2417.10774359885,51.16849010022051,594.4671708567868,100.54855237933961,55.76319175848495,49.504291909857734
61.03440868772996,4.909273498331625,1.9926140537196249,2496.9883505607004,39.29958995625149,609.0835351244015,98.24177113772691,68.86701650851394,52.40949304618579
56.58687440199617,4.87520073018905,2.1235903802391336,2383.012586984408,55.477519697990864,575.0308875636575,106.03023757148947,56.419078347641374,53.51437391768373
63.97783115909245,5.164596347519265,2.248090170100941,2605.887538901262,51.060114540875865,625.9173031513411,105.73175118571467,56.50617870852327,56.836489203130256
51.93679671307204,4.729180918475572,2.0158562754394103,2485.8889196939426,43.62597834875053,526.5886236553882,101.86907176354734,54.943356282766395,53.29826820058085
68.34913044083248,5.294962684367357,2.130230557858472,2492.904398945409,40.37297796263694,671.7541677301701,105.81613836510326,66.32966231504265,51.6454180385027
56.686780665979114,4.937935660825314,2.116974922824771,2515.127596017731,41.96188376970229,580.0139895602282,99.01068122591917,60.720038548661904,52.77744626497339
60.81742686246413,5.2540645624041975,2.2206803963660864,2545.4028040880876,57.3084666523943,613.4453262394553,103.03342039770914,42.57609969681175,56.044963399549744
55.29499975969364,4.767140172509615,1.6595892813736255,2114.2381588845983,45.01983465765248,571.3285175511076,96.69280338587035,58.577825591182645,40.82184362689764
61.97918295790746,5.150399183327041,1.903337257082789,2287.4123899979713,39.5636612216758,623.5139950710222,95.95604821869418,66.88547679502197,44.36896609726959
56.157488789306065,4.8169329568778,1.8041882803661655,2294.5683828812053,40.57296472583225,575.8778143169704,97.91942685679487,66.3543118772694,45.72800907643235
65.34712542001539,5.067020286064461,1.9384378754398373,2344.0372937463308,51.84303368734434,644.7742251122276,94.70619522641516,50.60960826183415,48.18686126685104
62.58291700759047,5.2475499717560075,1.845805735291655,2377.2080339113736,39.109241305579495,625.9078794770685,90.28136445269371,61.413823584362476,48.61039677368921
54.903373308001385,4.830951930835217,1.9501393530617477,2400.985366507226,49.387757790227326,553.7855767746494,93.4822264808256,55.32715182523618,49.20308651461299
53.42389821350235,4.56353675526792,2.1719923170485935,2485.745463864892,44.73385505562583,542.1033392457732,103.48662938363665,64.2427733753252,53.280281620436924
59.88936669751043,5.195778899416957,2.1925278335870426,2469.9822111556446,53.33910672262336,610.6152039511727,107.65322131396941,48.92476027617071,51.77956452511476
60.79536301919533,5.029032795904856,1.9553639177265982,2324.9734016623806,44.68627874082644,609.3899121700268,103.87758150963245,62.672179588789646,46.834139712926294
58.30691126285974,4.942946983321125,2.1612819551313076,2547.0699385338394,40.53904764058257,580.9240725485639,101.1387576514019,65.88777536532263,55.80902232187552
53.35279403055713,4.6012537305474375,1.6721407186298975,2288.795061917933,36.83582261105591,528.7631242132322,86.42226737572295,64.3909427517029,45.06812025674164
57.06383405713053,4.889690095134464,2.0260602797000224,2373.128655339025,44.4032384862577,565.0559660311811,95.36909464327042,65.69624832296654,51.73547007237394
66.96200006761764,5.280370325737851,1.8026945340817577,2337.1116744124483,40.44518701095659,663.6168881283701,95.97326797939142,66.16549098664156,46.78336615155211
63.93666211414071,5.237709579422185,2.062449049957843,2615.388978656385,49.31657703051311,628.6032215127673,104.41455299529139,55.459221581722595,57.16256502905682
70.85775622434687,5.59055203427245,1.8299862405487068,2344.354057332834,41.911288561105984,694.0590737485895,103.20931428838405,60.86403084021588,165.86984529013966
57.00339751333045,4.910122455568323,1.9652062754850188,2403.9367113372323,49.18376151313664,583.059276922426,101.35307787013089,54.48448402089414,50.82973737410108
54.55948620882425,4.539630012326342,2.212694680633159,2593.67851755002,47.35852248663128,550.7687093908411,105.42928730102841,61.22868113901262,58.39744406910913
59.36587616763109,4.920297111415241,1.8271042943991338,2299.959385385787,41.77363710600376,588.1008262054004,98.72154756066746,61.75751781484934,44.451266400151944
69.39147158976397,5.473463443651665,2.1111343765892334,2415.037257799961,43.39801050177091,687.838822860781,106.31433851079257,66.83841425538972,50.17349037253131
53.19904132038719,4.841516907646652,1.4929218168689549,2040.0667682154992,50.03088791965908,529.7437457951203,87.24020239250473,56.14573640541305,34.752547126637566
71.10927555684127,5.352351914040578,2.073798416059841,2360.386957238792,52.86581082337537,702.5666589420038,96.29042139262828,53.958328862010326,49.12619032874369
69.20667237460623,5.436241409294482,2.0442607265149855,2428.1315776922243,51.9131105476328,680.9411172465984,105.51294883877242,52.87745634199799,49.403221781415226
56.1663392224947,4.6809392688458775,1.9070460619820384,2381.830984795308,40.95041042313592,564.8767767847812,99.3242351726781,65.52234684551279,48.62515372014994
57.64874753903624,4.909445389431074,1.9290506905509726,2404.6431855902374,40.97066836273293,580.8005745496976,101.4515595918642,63.66543837315566,49.37643957156029
62.69896469177244,5.2327805401409035,1.7521033882838823,2222.714665488365,46.12051231203161,632.6529088081114,95.27989194373536,58.59686193412123,44.98987705220625
63.78039773634806,5.12540311880072,2.3995327749502895,2626.0179126668163,50.91985536875413,620.4834501090675,108.00259793392007,53.88530739344895,61.62824930015396
65.86595170091314,5.37221688588901,1.9964358611625592,2436.456763329291,45.80272359957175,673.294068899602,96.57427714738972,53.92933156769236,51.0629159355342
57.54359134873711,4.655272139699214,1.9179867645017177,2440.692059278641,31.65803618354223,570.6703414517892,98.79388198406627,67.88459514927048,49.820388402398464
49.51223480568949,4.407588961420306,1.9234395185205992,2381.324977425015,47.23303066496381,505.45146925161083,95.6164623841631,55.53723067082976,48.33546288945813
52.00224448718034,4.497152203967543,1.9086266628475903,2355.4829754854995,40.2600068300438,539.4363853604702,101.31911195658785,65.51598624515789,45.19150961167909
51.84522734767731,4.52749717098149,2.1244272598448175,2605.0889093193455,45.97626063392862,508.9044091137507,100.23396574975621,59.64495680777738,58.26002457567372
66.22529002371724,5.232027031244,2.100183059154261,2477.096657196331,45.015812150054,666.8644089768809,100.75115158905152,57.947592247327,50.56438161304465
53.29762699312978,4.759885175897575,2.0555997719044403,2344.5178182063896,37.69164005670382,530.3744584670285,101.8445889761255,65.00924158535798,48.516837932884044
51.64182302518775,4.513378826546923,2.1626453026088805,2412.0052706357283,42.741851762035786,529.1770827498618,102.54405577291907,66.50800463069284,51.70478833467388
62.60419878963666,4.973104275943625,2.0306721552435385,2513.4651881590853,43.19494424692801,621.117225044335,104.40343162390954,55.345869416716816,53.424767763536046
61.380383490313825,4.891766476034963,1.7129969435360164,2290.5919250898723,42.83831965628763,603.6387087535041,97.09742631770604,65.9598297485729,45.55006303017645
60.85675766766656,5.061304160382958,1.953896883268645,2334.4030223867303,51.314738945278044,623.5024658079402,100.41379003694814,49.458485961344614,45.626722661902726
71.24060624797436,5.533818927793007,2.1924101186585263,2594.135306628608,70.39505656134331,702.466680135175,103.94742315955011,60.30103455499535,58.35026541049463
56.03481550931629,4.773058777016702,1.810289625637029,2358.1738922475333,52.93454078642249,562.897637646213,95.6233267122675,52.2934262868745,50.85000682989617
58.96775555897843,5.05533210429806,1.6083449645941874,2241.1367846875232,81.9446159206711,591.8595447020261,93.26531827179764,64.44480767009394,42.453921759395215
61.27959818052309,4.834523733223104,2.066528225891208,2493.721957167607,41.93443400626931,623.2588346124301,101.62267135152231,60.77053994318201,51.69656167767557
57.45451695075458,5.0709116649232975,2.282767059854278,2552.6568495225292,44.72871082815971,587.8862325947445,108.74927172503894,63.087070850003315,57.1981933294845
57.95038353885893,4.847194628390124,1.9722620368106907,2378.6379559942006,43.5108538796365,590.0440089044063,98.74162318270999,63.69656629235365,49.37265614640641
59.786001821948844,4.904945412990832,2.348355350834435,2641.6404372534066,42.318071198090735,594.5507932768571,107.07184939807942,58.963244950978236,61.20635060261433
60.18217935360561,5.089955821884114,1.9768264932535424,2402.2088047026164,52.09958638158127,611.379303315247,101.3353574654742,50.301377166005466,48.560924386146354
66.20816821616647,5.22528045766601,1.858155679279588,2276.571906867735,46.25568913374694,651.0799353047785,97.7070331891172,59.488181801763524,45.362152415589314
67.26436494708894,5.537339311805927,1.9873982269746102,2541.760449378624,41.73272583877137,689.5675646972111,101.7567490488589,64.5331909629455,52.28188844284889
63.874546148445,5.100512990430973,1.9037398052551031,2374.6239325022334,52.78227625088251,632.2013360163321,95.67935669592705,55.65024592927002,45.7295471861512
65.04290348209804,5.273805587477197,1.6725233190517952,2272.970842984129,53.083998596438924,642.2275334244915,92.50759581164138,47.49377189239746,48.56269117913741
66.36873162402092,5.4537873734629105,2.263825828750198,2579.2438428219334,42.397062506357784,662.8863684444941,101.56141811004989,58.02503399588424,58.49910269444515
52.93015520339213,4.419844580410093,2.0026071370993517,2516.33902346977,54.77432317663846,524.6655926330624,103.87515913190663,51.384251480573596,54.396222401222666
65.13718887282357,5.188336613813987,2.0084234498041145,2467.842319120142,48.64706815069855,654.4731465558999,99.50606252519779,51.60002059116855,55.569410426696116
55.12448164252797,4.846639680201314,2.138398220294441,2498.8551619000077,39.671086145079784,554.5329700078859,99.30303709035371,70.44352638302753,54.316696528469734
60.37905399661982,4.99531394517588,2.033632458375454,2409.454866195324,53.79144539655958,593.9495897587376,98.20261247291126,48.765415999227564,53.295498661970576
58.15740290075498,4.895103893881522,1.8221316582278784,2218.503507735804,36.783795217128755,592.8495753616227,96.65055709769234,63.34321326217662,41.1645106508267
71.7987218872618,5.474457678312017,2.0699281297553505,2478.2955941190967,46.87145341699903,706.315202995725,104.38982769501547,57.64797044527544,52.170356251015704
60.576948589350344,5.009045833717847,1.841512284155285,2311.366819249566,46.16235833914102,591.0696159780024,100.68452404069882,54.525673340138994,46.28583380896145
63.825412551182275,5.196535203577904,2.2597475928928095,2573.3076732652153,44.58804323553336,655.6967649396273,104.87747413993236,58.520672830467,56.532838072459505
62.34954502305013,5.106270591307798,1.9378067806192294,2357.588797545991,45.160874360309926,626.4017095233058,93.86774190229755,60.244309744130646,44.235307157841405
64.43614378651787,5.209415137707834,2.0300904811937226,2519.9830011123154,44.45689057636271,631.1770003325763,103.74894400379947,60.105253826074154,54.48131106218268
53.0628159628352,4.686199153093114,1.895268238601029,2350.760301262601,47.052513911394726,521.3358113496563,97.8301933695187,60.39239037370563,46.57521250631594
62.31128404030158,5.049747761929426,2.3026784517554337,2544.825724776857,46.692213229159385,608.4070664464357,107.0094560978325,61.455479552591214,57.53816199848336
61.5706172525533,4.854978472752025,1.874945090281806,2292.975939391812,40.49712691587406,599.5617760844035,98.93088811138469,63.6488485219818,43.45806454225247
60.75260761191098,5.028290040389484,1.7549050521431164,2287.264892732802,47.56158144893405,607.2981325349492,95.93152551359901,58.91552109940419,46.14761498532221
54.5195821525279,4.664859524223013,2.385038719753623,2547.3004085538178,47.76206831006054,532.4576601942013,108.3553470099518,56.83984798170711,55.14335113973431
60.417505493757496,5.048697644063201,2.068720406172854,2376.497095228007,43.166153065726746,600.0638754377907,100.89975477696407,62.732565966159086,49.706519359955735
61.6658691918985,5.274438409836491,2.0963078331969895,2439.562674020155,51.58491308088905,641.1798854962832,96.48661818407952,52.67949378517145,51.68881484686201
67.15621168210264,5.0995570454566455,1.9902545749992837,2372.8311813230334,40.256460558221924,671.2247117504911,96.5439547849914,70.90855697493913,49.82077165287822
55.6948602507251,4.897925372175673,1.8978374159644282,2136.7376684193987,47.97878315571632,574.9480940033563,93.82918225234823,65.93575885133244,39.69430775064065
55.8788423247749,4.8770359099658265,1.9700714649747293,2431.582174801113,44.27712367401272,569.8416390713346,96.52430091163492,62.862609991103454,52.63216483519686
61.73786914699218,5.264976697532553,1.936838764699595,2258.683781696004,35.93468288921363,619.2063301285687,100.63782434668002,64.09240232316901,47.602527216601274
67.04159841461146,5.179326676306193,2.4644322497935156,2645.1676860868038,42.364800176103,668.3568872083738,107.62568991692946,59.984764527296214,59.24174498131257
58.47067379520826,4.8783052834568466,1.7462052346972463,2494.229176483933,31.570659804700966,592.0848489158949,96.92718644401103,72.3093816625729,50.415970447372814
55.52618175164605,4.686675964761262,1.7919931464373637,2161.55073776044,45.624648828318406,553.5879956265318,97.77337165339569,55.783139258701254,39.771592444286725
61.18124409060589,4.970920503695179,1.96865182747972,2385.4936871082255,46.680231022799624,609.0185025061897,100.43318762136633,53.90101512780092,52.48247433213475
52.367004900200946,4.667721256465138,2.037091423474721,2477.12696950837,49.94399642882693,543.3931364394928,102.55255858949363,57.41995699032279,51.51447358877446
58.81464710480191,4.967379113724235,2.0255648095879604,2514.249155882253,40.38210947919706,587.4269125652794,100.3511773970193,70.68844623090438,52.653594758927234
60.63572587304457,5.156226338733902,1.6138683932290228,2164.5325352408954,49.41792524832044,618.2791792364153,90.02085611736203,57.50317548582879,41.832950877542416
66.5845528344418,5.284121515595409,2.096806828676443,2506.6828279002643,43.29949277743917,682.2274158887888,103.42100286946177,56.184740371326285,51.83944488508883
50.73015140541426,4.724903013274749,2.1602956324083937,2504.0932354325555,46.87509910070848,536.8755261697596,101.61304803080381,59.405220937093375,55.6327826417646
52.66264497471001,4.733468430913568,1.9160980610915757,1870.507542733962,37.30643635955045,521.6999236094443,98.18492338045434,64.29680758793037,48.78234387034841
50.26389050578362,4.689003875778663,1.7747718762919673,2284.9157268645654,40.85845196342543,513.4857185767569,91.19509156075718,69.39754004840141,48.356674845171014
58.84352093400847,4.994736894111112,2.0634810636432412,2508.383577890503,34.61124395276934,596.1727922304053,99.21718875922778,75.64936919656601,52.95287844271569
59.35127597047852,4.731116187721006,1.8176279354877525,2278.137376929147,46.66235408588793,599.3257274919582,99.84951007644176,68.83201913188668,46.80005260042863
63.52871249969196,5.04910048822689,2.1250405288115237,2431.8711735633196,59.836411449381735,615.3264695072762,108.6283601052988,49.819359006611116,50.21341977836043
53.51120355840129,4.817512854492941,1.7144305889922342,2184.283217755064,50.086788908145564,528.6468607642396,90.33299132707093,52.75854088830106,41.14700038500109
55.32824608229861,4.782683491313994,2.0958294954323393,2407.974014822704,44.423784487047506,562.4185045172943,103.1543726913452,64.58935137469108,50.88169344318815
53.49070095756904,4.79991567469555,2.224409732365921,2552.528302729518,35.42024390937096,549.0769358511781,106.84807966745777,72.0689716496763,55.20428808051458
46.35382745408643,4.268681672631163,2.0780316205891243,2522.657373233408,41.23879399473626,460.5297286306355,103.68827119761986,63.140510431512205,53.79869300368262
55.1940526503691,4.760783273128834,2.062745721654467,2476.421285049222,34.329472820935464,546.1157916300933,103.55930134699793,71.16771345684104,53.01954633456373
62.83059921825163,5.020902033552677,2.0011965283224673,2418.233746322903,34.60876095544456,611.5823915186663,100.54627334257283,65.12372306120879,48.926121242707644
57.896412263245466,4.7818988100525885,1.8472037438165319,2440.385540929811,46.69617943965409,566.7470399412961,93.4531652191321,53.79260479804176,50.02218340848774
66.23656850238558,5.419067441971562,2.0203106691417836,2368.7516938980966,52.48452508106451,659.7351880326388,100.5641517366158,49.80708233096667,48.005265189825025
56.28872313363008,4.768932834607526,1.5442402441422405,2175.4277227530365,49.98996652519033,567.2683183111906,93.49820712024241,63.34478078137173,41.43041298914294
56.0706484506796,4.806149267508152,2.274151580007461,2548.9174649218403,37.09339202009412,558.7775056003887,107.21912908651493,66.85966002324028,55.58866470862948
65.19190051738896,5.258957686999749,2.0893112223524772,2345.233639845904,45.23661170448202,662.5491547907629,102.57423827224125,57.87311768135608,49.10535254377222
67.46480731393225,5.427803100447031,2.062055196329066,2543.2359817240276,38.54498400570951,691.8608535668877,98.49034749388616,58.361122181211435,54.27729929478659
55.873113899697906,4.845587252317957,2.148014988704987,2551.7390007054664,37.55231361297105,565.0205118185847,102.72970915866723,60.289919340619136,56.886001065766045
57.36779047925734,4.876000944131329,1.9891619041374544,2369.6148500316003,43.250369234822436,558.6491955364247,99.18074249764595,62.19572002837534,48.41882362949909
52.827894652549645,4.622452736483273,2.389968010726567,2650.542421418693,46.51070834834132,543.4877191098299,102.68976520102379,52.52696416986542,60.15678165888245
55.80394058025017,4.818349524631563,1.7201480458828777,2334.0300125894846,37.3432571152593,549.3301124865836,90.94494763924021,65.92280192293975,45.52400358375436
56.69764720896038,4.723988072551773,1.8692732427697043,2293.019364149117,42.483209434275885,578.725792021125,97.05320499459535,60.59000043336668,48.41340401211756
59.842307277621124,4.9431007086765035,2.303237063384442,2632.315794462029,42.82348191837554,574.3258341235993,113.07438729999402,64.7532481668859,59.70581341882841
61.22273787375609,5.1564869635353965,1.829306514894213,2166.6278162895187,50.128218120971496,626.5460410655487,95.65389338020569,55.385644076124194,38.88775009905674
59.1486572255748,4.798116082327982,2.1473150177261453,2489.706646102476,38.11313986808529,585.99391291336,102.91569493924003,64.43409377402612,52.51826588578131
63.869218184772315,5.169836294879021,2.1209545662923253,2446.2749362013965,47.964478636298445,641.7228030073102,108.9314836203681,62.90448170750134,54.8763982590567
71.20368605388266,5.740377778513951,2.1004772820313624,2424.42948643755,51.42473887971076,708.6009546051052,99.14868542851693,54.42909785890236,52.708347457927964
